<?xml version="1.0" encoding="UTF-8"?>
<CustomLabels xmlns="http://soap.sforce.com/2006/04/metadata">
    <labels>
        <fullName>AvalaraTaxEstimateURL</fullName>
        <language>en_US</language>
        <protected>false</protected>
        <shortDescription>AvalaraTaxEstimateURL</shortDescription>
        <value> https://development.avalara.net</value>
    </labels>
    <labels>
        <fullName>Payment_Link_Base_Address</fullName>
        <language>en_US</language>
        <protected>false</protected>
        <shortDescription>Payment Link Base Address</shortDescription>
        <value>https://cctemplate-dice-holdings.cs30.force.com/RemittanceManagement/?auth=</value>
    </labels>
        <labels>
        <fullName>RemittanceLinkZuoraCCURI</fullName>
        <language>en_US</language>
        <protected>false</protected>
        <shortDescription>RemittanceLinkZuoraCCURI</shortDescription>
        <value>https://services390.zuora.com/apps/v1/payment-methods/credit-cards</value>
    </labels>
    <labels>
        <fullName>RemittanceLinkZuoraHMACURL</fullName>
        <language>en_US</language>
        <protected>false</protected>
        <shortDescription>RemittanceLinkZuoraHMACURL</shortDescription>
        <value> https://services390.zuora.com/apps/v1/hmac-signatures</value>
    </labels>
    <labels>
        <fullName>RemittanceLinkZuoraSubscriptionUpdateURI</fullName>
        <language>en_US</language>
        <protected>false</protected>
        <shortDescription>RemittanceLinkZuoraSubscriptionUpdateURI</shortDescription>
        <value>https://services390.zuora.com/apps/v1/subscriptions</value>
    </labels>
        <labels>
        <fullName>WIMOrderPreviewAvalaraURL</fullName>
        <language>en_US</language>
        <protected>false</protected>
        <shortDescription>WIMOrderPreviewAvalaraURL</shortDescription>
        <value>hhttps://development.avalara.net/1.0/tax/get</value>
    </labels>
        <labels>
        <fullName>ZuoraSandboxForSFDC_Full</fullName>
        <language>en_US</language>
        <protected>false</protected>
        <shortDescription>ZuoraSandboxForSFDC_Full</shortDescription>
        <value>services390</value>
    </labels>
        <labels>
        <fullName>efc_Community_Backoffice_Home_URL</fullName>
        <categories>efc_Community</categories>
        <language>en_US</language>
        <protected>false</protected>
        <shortDescription>efc_Community_Backoffice_Home_URL</shortDescription>
        <value>https://backoffice.pilot.efinancialcareers.com</value>
    </labels>
    <labels>
        <fullName>efc_Community_Login_Redirect_URL</fullName>
        <categories>efc_Community</categories>
        <language>en_US</language>
        <protected>false</protected>
        <shortDescription>efc_Community_Login_Redirect_URL</shortDescription>
        <value>https://backoffice.pilot.efinancialcareers.com/login</value>
    </labels>
        <labels>
        <fullName>Zuora_Error_Email_Addresses</fullName>
        <language>en_US</language>
        <protected>false</protected>
        <shortDescription>Zuora Error Email Addresses</shortDescription>
        <value>rita.mccurdy@dhigroupinc.com</value>
    </labels>
</CustomLabels>
