<?xml version="1.0" encoding="UTF-8"?>
<CustomLabels xmlns="http://soap.sforce.com/2006/04/metadata">
    <labels>
        <fullName>QUOTE_TEMPLATE_STANDARD_CJ</fullName>
        <language>en_US</language>
        <protected>false</protected>
        <shortDescription>QUOTE TEMPLATE STANDARD CJ</shortDescription>
        <value>a5p02000000Cms5AAC</value>
    </labels>
    <labels>
        <fullName>QUOTE_TEMPLATE_STANDARD_DICE</fullName>
        <language>en_US</language>
        <protected>false</protected>
        <shortDescription>QUOTE TEMPLATE STANDARD DICE</shortDescription>
        <value>a5p02000000CmrqAAC</value>
    </labels>
    <labels>
        <fullName>QUOTE_TEMPLATE_STANDARD_EFC_ENGLISH</fullName>
        <language>en_US</language>
        <protected>false</protected>
        <shortDescription>QUOTE_TEMPLATE_STANDARD_EFC_ENGLISH</shortDescription>
        <value>a5p02000000CmrnAAC</value>
    </labels>
    <labels>
        <fullName>QUOTE_TEMPLATE_STANDARD_EFC_FRENCH</fullName>
        <language>en_US</language>
        <protected>false</protected>
        <shortDescription>QUOTE TEMPLATE STANDARD EFC FRENCH</shortDescription>
        <value>a5p02000000CmrdAAC</value>
    </labels>
    <labels>
        <fullName>QUOTE_TEMPLATE_STANDARD_EFC_GERMAN</fullName>
        <language>en_US</language>
        <protected>false</protected>
        <shortDescription>QUOTE_TEMPLATE_STANDARD_EFC_GERMAN</shortDescription>
        <value>a5p02000000Cms4AAC</value>
    </labels>
    <labels>
        <fullName>QUOTE_TEMPLATE_STANDARD_EFC_ITALIAN</fullName>
        <language>en_US</language>
        <protected>false</protected>
        <shortDescription>QUOTE TEMPLATE STANDARD EFC ITALIAN</shortDescription>
        <value>a5p02000000CmrOAAS</value>
    </labels>
</CustomLabels>
