<?xml version="1.0" encoding="UTF-8"?>
<ValidationRule xmlns="http://soap.sforce.com/2006/04/metadata">
    <fullName>Initial_AB_Required_for_insert</fullName>
    <active>false</active>
    <description>Makes the Initial Account Brands required for new record insertion</description>
    <errorConditionFormula>AND(ISNEW(),ISBLANK(Initial_Account_Brands__c))</errorConditionFormula>
    <errorDisplayField>Initial_Account_Brands__c</errorDisplayField>
    <errorMessage>You must select at least one Initial Brand when creating a new Account</errorMessage>
</ValidationRule>
